{
  "categories": [
    {
      "id": "17f776c0-a0a0-4e27-8aeb-81dc140d4f63",
      "name": "Shortcuts",
      "shortcuts": [
        {
          "codeOnPrepare": "const url \u003d getVariable(/*[variable]*/\"624a66e5-8b3a-4cdc-ae68-64c5cfd337c9\"/*[/variable]*/);\nconst title \u003d getVariable(/*[variable]*/\"18f8453b-3aa2-497e-86e7-f313ae361e07\"/*[/variable]*/);\n\nconst getHostnameFromRegex \u003d (url) \u003d\u003e {\n  const matches \u003d url.match(/^https?\\:\\/\\/([^\\/?#]+)(?:[\\/?#]|$)/i);\n  return matches \u0026\u0026 matches[1];\n}\nconst hostname \u003d getHostnameFromRegex(url);\n\nconst trelloAddUrl \u003d \"https://trello.com/add-card?source\u003d\" + hostname + \"\u0026mode\u003dpopup\u0026url\u003d\" + encodeURIComponent(url) + \"\u0026name\u003d\" + encodeURIComponent(title);\n\nopenUrl(trelloAddUrl);",
          "description": "Adds URL to Trello Card",
          "executionType": "scripting",
          "iconName": "custom-icon_x1699723374118.png",
          "id": "53d15b94-274f-49ef-abbb-4cba215aabdd",
          "launcherShortcut": true,
          "name": "Add to Trello"
        }
      ]
    }
  ],
  "compatibilityVersion": 71,
  "variables": [
    {
      "flags": 1,
      "id": "624a66e5-8b3a-4cdc-ae68-64c5cfd337c9",
      "key": "SharedUrl"
    },
    {
      "flags": 4,
      "id": "18f8453b-3aa2-497e-86e7-f313ae361e07",
      "key": "SharedTitle"
    }
  ],
  "version": 71
}